epoch,time,train/box_loss,train/cls_loss,train/l1_loss,metrics/precision(B),metrics/recall(B),metrics/mAP50(B),metrics/mAP50-95(B),val/box_loss,val/cls_loss,val/l1_loss,lr/pg0,lr/pg1,lr/pg2
1,1.74339,0.96292,2.29886,0.01337,0.56485,0.96944,0.94326,0.67022,1.58084,0.96612,0.01154,0,0,0
2,3.49378,1.1672,2.43933,0.01393,0.56485,0.96944,0.94326,0.67022,1.58084,0.96612,0.01154,3.9274e-05,3.9274e-05,3.9274e-05
3,5.25925,0.97877,2.76016,0.0208,0.56485,0.96944,0.94326,0.67022,1.58084,0.96612,0.01154,7.77625e-05,7.77625e-05,7.77625e-05
4,7.02684,1.43231,2.23926,0.03047,0.874,0.65271,0.93539,0.68984,1.592,0.96712,0.01193,0.000115466,0.000115466,0.000115466
5,8.90498,1.30535,2.63629,0.02237,0.874,0.65271,0.93539,0.68984,1.592,0.96712,0.01193,0.000114288,0.000114288,0.000114288
6,10.7154,1.0656,1.74354,0.01445,0.874,0.65271,0.93539,0.68984,1.592,0.96712,0.01193,0.00011311,0.00011311,0.00011311
7,12.5098,1.23933,2.4464,0.01158,0.85574,0.65531,0.94389,0.6468,1.60233,1.00407,0.01203,0.000111931,0.000111931,0.000111931
8,14.2532,0.91296,1.73916,0.00928,0.85574,0.65531,0.94389,0.6468,1.60233,1.00407,0.01203,0.000110753,0.000110753,0.000110753
9,16.0596,1.12895,2.71085,0.01695,0.85574,0.65531,0.94389,0.6468,1.60233,1.00407,0.01203,0.000109575,0.000109575,0.000109575
10,17.8895,0.93843,1.57429,0.00856,0.81133,0.64045,0.90429,0.63501,1.6113,1.02596,0.01224,0.000108397,0.000108397,0.000108397
11,19.89,1.05562,2.01271,0.01244,0.81133,0.64045,0.90429,0.63501,1.6113,1.02596,0.01224,0.000107219,0.000107219,0.000107219
12,21.9464,0.911,1.52328,0.01054,0.81133,0.64045,0.90429,0.63501,1.6113,1.02596,0.01224,0.000106041,0.000106041,0.000106041
13,23.7548,0.87028,1.56005,0.0158,0.81518,0.63298,0.90516,0.65534,1.60459,1.13558,0.01245,0.000104863,0.000104863,0.000104863
14,25.5342,1.04034,1.6197,0.01233,0.81518,0.63298,0.90516,0.65534,1.60459,1.13558,0.01245,0.000103685,0.000103685,0.000103685
15,27.3173,0.95315,0.98139,0.01164,0.81518,0.63298,0.90516,0.65534,1.60459,1.13558,0.01245,0.000102507,0.000102507,0.000102507
16,29.1628,0.88922,1.75121,0.01876,0.81472,0.64232,0.90513,0.65499,1.60422,1.08665,0.01221,0.000101329,0.000101329,0.000101329
17,30.9152,0.9234,1.49605,0.01249,0.81472,0.64232,0.90513,0.65499,1.60422,1.08665,0.01221,0.00010015,0.00010015,0.00010015
18,32.7926,1.06561,1.41009,0.01348,0.81472,0.64232,0.90513,0.65499,1.60422,1.08665,0.01221,9.89723e-05,9.89723e-05,9.89723e-05
19,34.8859,1.03769,1.10155,0.01202,0.79018,0.65017,0.89985,0.66682,1.6026,1.11443,0.01201,9.77942e-05,9.77942e-05,9.77942e-05
20,36.8512,0.99213,1.27017,0.01346,0.79018,0.65017,0.89985,0.66682,1.6026,1.11443,0.01201,9.66161e-05,9.66161e-05,9.66161e-05
21,38.6786,1.01341,1.78842,0.01893,0.79018,0.65017,0.89985,0.66682,1.6026,1.11443,0.01201,9.5438e-05,9.5438e-05,9.5438e-05
22,40.506,0.8287,1.04797,0.01294,0.80696,0.64405,0.89444,0.66789,1.61465,1.11114,0.01182,9.42599e-05,9.42599e-05,9.42599e-05
23,42.3944,1.17698,1.28166,0.01232,0.80696,0.64405,0.89444,0.66789,1.61465,1.11114,0.01182,9.30818e-05,9.30818e-05,9.30818e-05
24,44.3199,0.95962,1.03697,0.01149,0.80696,0.64405,0.89444,0.66789,1.61465,1.11114,0.01182,9.19037e-05,9.19037e-05,9.19037e-05
25,46.276,0.94447,1.6374,0.01332,0.78405,0.64262,0.8923,0.70743,1.66075,1.08269,0.01207,9.07256e-05,9.07256e-05,9.07256e-05
26,48.0694,1.0783,1.11416,0.01779,0.78405,0.64262,0.8923,0.70743,1.66075,1.08269,0.01207,8.95475e-05,8.95475e-05,8.95475e-05
27,49.8858,0.97796,1.2131,0.01042,0.78405,0.64262,0.8923,0.70743,1.66075,1.08269,0.01207,8.83694e-05,8.83694e-05,8.83694e-05
28,51.7242,0.9985,1.12414,0.01372,0.60582,0.69348,0.77986,0.59792,1.67917,1.14196,0.01224,8.71913e-05,8.71913e-05,8.71913e-05
29,53.5566,1.24754,1.28908,0.01221,0.60582,0.69348,0.77986,0.59792,1.67917,1.14196,0.01224,8.60132e-05,8.60132e-05,8.60132e-05
30,55.414,0.7638,0.83333,0.00911,0.60582,0.69348,0.77986,0.59792,1.67917,1.14196,0.01224,8.48351e-05,8.48351e-05,8.48351e-05
31,57.3813,0.8329,0.91751,0.01034,0.59719,0.68291,0.77449,0.59655,1.70294,1.20504,0.01246,8.3657e-05,8.3657e-05,8.3657e-05
32,59.1677,1.05453,1.10462,0.01039,0.59719,0.68291,0.77449,0.59655,1.70294,1.20504,0.01246,8.24789e-05,8.24789e-05,8.24789e-05
33,61.1441,0.98,1.18648,0.01398,0.59719,0.68291,0.77449,0.59655,1.70294,1.20504,0.01246,8.13008e-05,8.13008e-05,8.13008e-05
34,63.1075,0.84823,0.92711,0.01843,0.61613,0.65576,0.79612,0.55783,1.69215,1.32995,0.01201,8.01227e-05,8.01227e-05,8.01227e-05
35,65.0229,0.91292,0.95066,0.00847,0.61613,0.65576,0.79612,0.55783,1.69215,1.32995,0.01201,7.89446e-05,7.89446e-05,7.89446e-05
36,66.981,0.79642,0.81206,0.00888,0.61613,0.65576,0.79612,0.55783,1.69215,1.32995,0.01201,7.77665e-05,7.77665e-05,7.77665e-05
37,68.9174,0.9373,1.02398,0.01783,0.6149,0.51696,0.7534,0.54694,1.72359,1.41807,0.01257,7.65884e-05,7.65884e-05,7.65884e-05
38,70.8818,0.95568,0.97366,0.01225,0.6149,0.51696,0.7534,0.54694,1.72359,1.41807,0.01257,7.54103e-05,7.54103e-05,7.54103e-05
39,72.8573,1.03897,1.4005,0.01645,0.6149,0.51696,0.7534,0.54694,1.72359,1.41807,0.01257,7.42322e-05,7.42322e-05,7.42322e-05
40,74.8157,1.33871,1.13898,0.02004,0.61484,0.51528,0.70574,0.49165,1.68402,1.56904,0.0117,7.30541e-05,7.30541e-05,7.30541e-05
41,76.9637,0.84804,0.75667,0.01094,0.61484,0.51528,0.70574,0.49165,1.68402,1.56904,0.0117,7.1876e-05,7.1876e-05,7.1876e-05
42,78.8662,0.94231,1.17622,0.01227,0.61484,0.51528,0.70574,0.49165,1.68402,1.56904,0.0117,7.06979e-05,7.06979e-05,7.06979e-05
43,80.8136,0.47053,2.0802,0.00906,0.61283,0.51581,0.70574,0.47188,1.89183,1.26715,0.01566,6.95198e-05,6.95198e-05,6.95198e-05
44,82.9451,0.74867,0.82544,0.01071,0.61283,0.51581,0.70574,0.47188,1.89183,1.26715,0.01566,6.83417e-05,6.83417e-05,6.83417e-05
45,84.8689,0.61135,0.86895,0.00919,0.61283,0.51581,0.70574,0.47188,1.89183,1.26715,0.01566,6.71636e-05,6.71636e-05,6.71636e-05
46,87.0712,1.06974,1.13991,0.01482,0.60749,0.50471,0.71048,0.47659,1.91833,1.28912,0.01611,6.59855e-05,6.59855e-05,6.59855e-05
47,89.4667,0.76828,0.6685,0.0086,0.60749,0.50471,0.71048,0.47659,1.91833,1.28912,0.01611,6.48074e-05,6.48074e-05,6.48074e-05
48,91.8892,0.7515,0.75855,0.0086,0.60749,0.50471,0.71048,0.47659,1.91833,1.28912,0.01611,6.36293e-05,6.36293e-05,6.36293e-05
49,94.0347,1.03443,1.13991,0.01382,0.63237,0.39825,0.67788,0.44229,1.9348,1.31458,0.01634,6.24512e-05,6.24512e-05,6.24512e-05
50,96.0772,0.84372,0.67691,0.00995,0.63237,0.39825,0.67788,0.44229,1.9348,1.31458,0.01634,6.12731e-05,6.12731e-05,6.12731e-05
51,97.9621,0.77078,0.77925,0.00874,0.63237,0.39825,0.67788,0.44229,1.9348,1.31458,0.01634,6.0095e-05,6.0095e-05,6.0095e-05
52,99.9716,0.96788,0.63734,0.00803,0.59934,0.4814,0.67872,0.42901,1.95298,1.34596,0.0166,5.89169e-05,5.89169e-05,5.89169e-05
53,101.789,0.79497,0.70968,0.01172,0.59934,0.4814,0.67872,0.42901,1.95298,1.34596,0.0166,5.77388e-05,5.77388e-05,5.77388e-05
54,103.747,1.01969,1.19835,0.0172,0.59934,0.4814,0.67872,0.42901,1.95298,1.34596,0.0166,5.65607e-05,5.65607e-05,5.65607e-05
55,105.62,0.8888,0.66846,0.00893,0.59321,0.47892,0.67,0.42414,1.96726,1.33652,0.01681,5.53826e-05,5.53826e-05,5.53826e-05
56,107.445,0.92637,1.01068,0.00904,0.59321,0.47892,0.67,0.42414,1.96726,1.33652,0.01681,5.42045e-05,5.42045e-05,5.42045e-05
57,109.285,0.73077,0.75491,0.00798,0.59321,0.47892,0.67,0.42414,1.96726,1.33652,0.01681,5.30264e-05,5.30264e-05,5.30264e-05
58,111.189,0.78122,0.58293,0.0071,0.43159,0.50726,0.52597,0.31237,1.98264,1.36715,0.01684,5.18483e-05,5.18483e-05,5.18483e-05
59,113.104,1.08737,0.67182,0.01745,0.43159,0.50726,0.52597,0.31237,1.98264,1.36715,0.01684,5.06702e-05,5.06702e-05,5.06702e-05
60,115.143,0.96794,1.22041,0.01555,0.43159,0.50726,0.52597,0.31237,1.98264,1.36715,0.01684,4.94921e-05,4.94921e-05,4.94921e-05
61,117.089,0.70995,0.61626,0.00776,0.57912,0.47771,0.50333,0.29171,1.99817,1.49741,0.01721,4.8314e-05,4.8314e-05,4.8314e-05
62,119.054,0.65616,0.89641,0.01073,0.57912,0.47771,0.50333,0.29171,1.99817,1.49741,0.01721,4.71359e-05,4.71359e-05,4.71359e-05
63,120.931,1.12982,2.10921,0.02163,0.57912,0.47771,0.50333,0.29171,1.99817,1.49741,0.01721,4.59578e-05,4.59578e-05,4.59578e-05
64,122.838,0.86037,0.82041,0.00847,0.75526,0.50587,0.52597,0.29625,2.01275,1.48036,0.01748,4.47797e-05,4.47797e-05,4.47797e-05
65,124.687,0.72377,0.53389,0.00846,0.75526,0.50587,0.52597,0.29625,2.01275,1.48036,0.01748,4.36016e-05,4.36016e-05,4.36016e-05
66,126.538,0.72433,0.51031,0.01185,0.75526,0.50587,0.52597,0.29625,2.01275,1.48036,0.01748,4.24235e-05,4.24235e-05,4.24235e-05
67,128.402,0.71886,0.4167,0.00658,0.59786,0.51163,0.5525,0.30492,2.01813,1.48797,0.01751,4.12454e-05,4.12454e-05,4.12454e-05
68,130.183,0.99902,0.82928,0.01074,0.59786,0.51163,0.5525,0.30492,2.01813,1.48797,0.01751,4.00673e-05,4.00673e-05,4.00673e-05
69,132.072,0.79335,0.7177,0.01105,0.59786,0.51163,0.5525,0.30492,2.01813,1.48797,0.01751,3.88892e-05,3.88892e-05,3.88892e-05
70,133.945,1.01134,0.9507,0.01568,0.77225,0.51296,0.52923,0.29843,2.02844,1.50079,0.01774,3.77111e-05,3.77111e-05,3.77111e-05
71,135.715,0.66844,0.63377,0.00497,0.77225,0.51296,0.52923,0.29843,2.02844,1.50079,0.01774,3.6533e-05,3.6533e-05,3.6533e-05
72,137.51,0.78889,0.53695,0.00682,0.77225,0.51296,0.52923,0.29843,2.02844,1.50079,0.01774,3.53549e-05,3.53549e-05,3.53549e-05
73,139.356,0.71333,0.69908,0.00834,0.77074,0.50854,0.5525,0.29903,2.0348,1.56284,0.0178,3.41768e-05,3.41768e-05,3.41768e-05
74,141.281,0.91197,0.75745,0.01086,0.77074,0.50854,0.5525,0.29903,2.0348,1.56284,0.0178,3.29987e-05,3.29987e-05,3.29987e-05
75,143.569,1.12201,1.09251,0.01988,0.77074,0.50854,0.5525,0.29903,2.0348,1.56284,0.0178,3.18206e-05,3.18206e-05,3.18206e-05
76,146.015,0.71119,0.769,0.00745,0.77644,0.51155,0.529,0.29836,2.04046,1.51326,0.01814,3.06425e-05,3.06425e-05,3.06425e-05
77,147.884,0.78582,0.78663,0.00876,0.77644,0.51155,0.529,0.29836,2.04046,1.51326,0.01814,2.94644e-05,2.94644e-05,2.94644e-05
78,149.729,1.00327,0.96305,0.01156,0.77644,0.51155,0.529,0.29836,2.04046,1.51326,0.01814,2.82863e-05,2.82863e-05,2.82863e-05
79,151.612,0.59559,0.55881,0.00625,0.75422,0.5096,0.5598,0.29811,2.04027,1.56035,0.01793,2.71082e-05,2.71082e-05,2.71082e-05
80,153.484,0.78899,0.63692,0.00938,0.75422,0.5096,0.5598,0.29811,2.04027,1.56035,0.01793,2.59301e-05,2.59301e-05,2.59301e-05
81,155.338,0.76073,0.76551,0.01395,0.75422,0.5096,0.5598,0.29811,2.04027,1.56035,0.01793,2.4752e-05,2.4752e-05,2.4752e-05
82,157.289,0.66125,0.41427,0.01167,0.76384,0.51667,0.5525,0.29684,2.02904,1.47522,0.01777,2.35739e-05,2.35739e-05,2.35739e-05
83,159.246,0.94247,0.87738,0.01358,0.76384,0.51667,0.5525,0.29684,2.02904,1.47522,0.01777,2.23958e-05,2.23958e-05,2.23958e-05
84,161.253,0.5615,0.4724,0.00882,0.76384,0.51667,0.5525,0.29684,2.02904,1.47522,0.01777,2.12177e-05,2.12177e-05,2.12177e-05
85,163.156,0.73604,0.64607,0.00836,0.77866,0.51633,0.55806,0.2967,2.03011,1.5303,0.01793,2.00396e-05,2.00396e-05,2.00396e-05
86,165.027,1.07927,1.35853,0.02054,0.77866,0.51633,0.55806,0.2967,2.03011,1.5303,0.01793,1.88615e-05,1.88615e-05,1.88615e-05
87,167.026,0.93298,0.80833,0.0107,0.77866,0.51633,0.55806,0.2967,2.03011,1.5303,0.01793,1.76834e-05,1.76834e-05,1.76834e-05
88,168.873,0.61618,0.51268,0.00975,0.78027,0.513,0.55806,0.28103,2.02131,1.50388,0.01791,1.65053e-05,1.65053e-05,1.65053e-05
89,170.784,0.9777,1.00827,0.01364,0.78027,0.513,0.55806,0.28103,2.02131,1.50388,0.01791,1.53272e-05,1.53272e-05,1.53272e-05
90,172.61,0.67729,0.66472,0.00671,0.78027,0.513,0.55806,0.28103,2.02131,1.50388,0.01791,1.41491e-05,1.41491e-05,1.41491e-05
91,174.641,0.55301,0.31572,0.00907,0.77379,0.5151,0.55806,0.29825,2.03289,1.49222,0.01803,1.2971e-05,1.2971e-05,1.2971e-05
92,176.489,0.46434,0.42187,0.00556,0.77379,0.5151,0.55806,0.29825,2.03289,1.49222,0.01803,1.17929e-05,1.17929e-05,1.17929e-05
93,178.401,0.89097,0.79002,0.01617,0.77379,0.5151,0.55806,0.29825,2.03289,1.49222,0.01803,1.06148e-05,1.06148e-05,1.06148e-05
94,180.282,0.63306,0.40674,0.00684,0.78118,0.50473,0.55806,0.3324,2.01262,1.46777,0.01747,9.4367e-06,9.4367e-06,9.4367e-06
95,182.147,1.08359,0.81638,0.02066,0.78118,0.50473,0.55806,0.3324,2.01262,1.46777,0.01747,8.2586e-06,8.2586e-06,8.2586e-06
96,183.992,0.65893,0.44657,0.01049,0.78118,0.50473,0.55806,0.3324,2.01262,1.46777,0.01747,7.0805e-06,7.0805e-06,7.0805e-06
97,186.009,0.52026,0.33915,0.00558,0.78035,0.50241,0.64097,0.39813,2.00165,1.48068,0.01734,5.9024e-06,5.9024e-06,5.9024e-06
98,187.921,0.70326,0.4903,0.01203,0.78035,0.50241,0.64097,0.39813,2.00165,1.48068,0.01734,4.7243e-06,4.7243e-06,4.7243e-06
99,189.992,0.52367,0.45975,0.00605,0.78035,0.50241,0.64097,0.39813,2.00165,1.48068,0.01734,3.5462e-06,3.5462e-06,3.5462e-06
100,191.963,0.62749,0.61236,0.00676,0.77866,0.48307,0.64271,0.40245,2.00022,1.46258,0.01708,2.3681e-06,2.3681e-06,2.3681e-06
